time, A.l-A.r,A.l,size 1,size 2,size 3,size 4,size 5,size 6,size 7,size 8,size 9,size 10,size 11,size 12,size 13,size 14,size 15,size 16,size 17,size 18,size 19,size 20
0.0, 0, 67749, 67749, 0, 0, 0, 0, 0, 0, 0, 0, 0, 0, 0, 0, 0, 0, 0, 0, 0, 0, 0
0, 0, 67749, 67749, 0, 0, 0, 0, 0, 0, 0, 0, 0, 0, 0, 0, 0, 0, 0, 0, 0, 0, 0
0.0005, 1608, 66141, 64572, 1530, 39, 0, 0, 0, 0, 0, 0, 0, 0, 0, 0, 0, 0, 0, 0, 0, 0, 0
0.001, 3162, 64587, 61581, 2855, 146, 5, 0, 0, 0, 0, 0, 0, 0, 0, 0, 0, 0, 0, 0, 0, 0, 0
0.0015, 4644, 63105, 58787, 4015, 280, 23, 0, 0, 0, 0, 0, 0, 0, 0, 0, 0, 0, 0, 0, 0, 0, 0
0.002, 6043, 61706, 56224, 4971, 464, 44, 3, 0, 0, 0, 0, 0, 0, 0, 0, 0, 0, 0, 0, 0, 0, 0
0.0025, 7420, 60329, 53740, 5846, 664, 70, 9, 0, 0, 0, 0, 0, 0, 0, 0, 0, 0, 0, 0, 0, 0, 0
0.003, 8762, 58987, 51371, 6613, 879, 105, 19, 0, 0, 0, 0, 0, 0, 0, 0, 0, 0, 0, 0, 0, 0, 0
0.0035, 10047, 57702, 49159, 7262, 1091, 161, 27, 0, 2, 0, 0, 0, 0, 0, 0, 0, 0, 0, 0, 0, 0, 0
0.004, 11192, 56557, 47222, 7793, 1282, 214, 39, 5, 2, 0, 0, 0, 0, 0, 0, 0, 0, 0, 0, 0, 0, 0
0.0045000000000000005, 12427, 55322, 45225, 8216, 1518, 292, 58, 11, 2, 0, 0, 0, 0, 0, 0, 0, 0, 0, 0, 0, 0, 0
0.005000000000000001, 13507, 54242, 43431, 8661, 1708, 355, 72, 13, 2, 0, 0, 0, 0, 0, 0, 0, 0, 0, 0, 0, 0, 0
0.005500000000000001, 14567, 53182, 41758, 8969, 1915, 419, 97, 21, 3, 0, 0, 0, 0, 0, 0, 0, 0, 0, 0, 0, 0, 0
0.006000000000000002, 15627, 52122, 40151, 9181, 2121, 511, 126, 26, 5, 1, 0, 0, 0, 0, 0, 0, 0, 0, 0, 0, 0, 0
0.006500000000000002, 16612, 51137, 38625, 9419, 2325, 584, 141, 32, 10, 1, 0, 0, 0, 0, 0, 0, 0, 0, 0, 0, 0, 0
0.007000000000000003, 17553, 50196, 37252, 9540, 2501, 671, 177, 42, 11, 2, 0, 0, 0, 0, 0, 0, 0, 0, 0, 0, 0, 0
0.007500000000000003, 18474, 49275, 35872, 9739, 2626, 760, 206, 56, 13, 3, 0, 0, 0, 0, 0, 0, 0, 0, 0, 0, 0, 0
0.008000000000000004, 19308, 48441, 34684, 9820, 2759, 856, 237, 63, 17, 4, 0, 1, 0, 0, 0, 0, 0, 0, 0, 0, 0, 0
0.008500000000000004, 20202, 47547, 33407, 9918, 2897, 960, 258, 77, 21, 7, 0, 2, 0, 0, 0, 0, 0, 0, 0, 0, 0, 0
0.009000000000000005, 20996, 46753, 32278, 10008, 3019, 1029, 289, 92, 25, 9, 2, 2, 0, 0, 0, 0, 0, 0, 0, 0, 0, 0
0.009500000000000005, 21790, 45959, 31208, 9999, 3174, 1094, 332, 104, 32, 10, 3, 3, 0, 0, 0, 0, 0, 0, 0, 0, 0, 0
0.010000000000000005, 22550, 45199, 30199, 9982, 3316, 1147, 375, 117, 40, 17, 3, 3, 0, 0, 0, 0, 0, 0, 0, 0, 0, 0
0.010500000000000006, 23331, 44418, 29132, 10027, 3427, 1199, 422, 139, 46, 18, 4, 4, 0, 0, 0, 0, 0, 0, 0, 0, 0, 0
0.011000000000000006, 24031, 43718, 28240, 9972, 3525, 1272, 476, 150, 55, 19, 5, 4, 0, 0, 0, 0, 0, 0, 0, 0, 0, 0
0.011500000000000007, 24761, 42988, 27310, 9906, 3660, 1338, 498, 175, 68, 23, 5, 5, 0, 0, 0, 0, 0, 0, 0, 0, 0, 0
0.012000000000000007, 25465, 42284, 26435, 9863, 3727, 1394, 547, 196, 78, 28, 10, 6, 0, 0, 0, 0, 0, 0, 0, 0, 0, 0
0.012500000000000008, 26152, 41597, 25579, 9818, 3792, 1459, 591, 213, 94, 34, 11, 6, 0, 0, 0, 0, 0, 0, 0, 0, 0, 0
0.013000000000000008, 26780, 40969, 24807, 9768, 3851, 1511, 636, 229, 107, 40, 14, 6, 0, 0, 0, 0, 0, 0, 0, 0, 0, 0
0.013500000000000009, 27374, 40375, 24107, 9678, 3911, 1566, 670, 260, 119, 46, 12, 7, 0, 0, 0, 0, 0, 0, 0, 0, 0, 0
0.014000000000000009, 27960, 39789, 23427, 9578, 3965, 1631, 704, 279, 128, 53, 17, 8, 0, 0, 0, 0, 0, 0, 0, 0, 0, 0
0.01450000000000001, 28501, 39248, 22786, 9511, 4020, 1672, 735, 296, 137, 59, 21, 10, 2, 0, 0, 0, 0, 0, 0, 0, 0, 0
0.01500000000000001, 29074, 38675, 22123, 9421, 4066, 1711, 793, 314, 145, 67, 22, 10, 4, 0, 0, 0, 0, 0, 0, 0, 0, 0
0.01550000000000001, 29593, 38156, 21554, 9321, 4081, 1768, 816, 343, 156, 73, 30, 11, 4, 0, 0, 0, 0, 0, 0, 0, 0, 0
0.01600000000000001, 30141, 37608, 20954, 9211, 4105, 1816, 857, 362, 173, 77, 35, 14, 5, 0, 0, 0, 0, 0, 0, 0, 0, 0
0.01650000000000001, 30641, 37108, 20437, 9071, 4125, 1870, 899, 374, 184, 86, 41, 14, 6, 1, 1, 0, 0, 0, 0, 0, 0, 0
0.01700000000000001, 31119, 36630, 19917, 8971, 4155, 1914, 920, 397, 192, 93, 43, 17, 7, 3, 1, 0, 0, 1, 0, 0, 0, 0
0.017500000000000012, 31579, 36170, 19424, 8886, 4166, 1940, 957, 413, 198, 99, 57, 16, 9, 2, 1, 1, 1, 1, 0, 0, 0, 0
0.018000000000000013, 32051, 35698, 18918, 8798, 4175, 1967, 989, 443, 208, 104, 58, 19, 12, 3, 2, 1, 1, 1, 0, 0, 0, 0
0.018500000000000013, 32538, 35211, 18396, 8683, 4215, 2005, 1013, 459, 217, 116, 65, 21, 14, 3, 2, 1, 1, 1, 0, 0, 0, 0
0.019000000000000013, 32961, 34788, 17948, 8602, 4222, 2043, 1033, 467, 223, 125, 77, 23, 15, 6, 2, 1, 1, 1, 0, 0, 0, 0
0.019500000000000014, 33387, 34362, 17533, 8473, 4226, 2069, 1061, 501, 237, 130, 76, 29, 16, 6, 3, 1, 1, 1, 0, 0, 0, 0
0.020000000000000014, 33795, 33954, 17124, 8373, 4219, 2099, 1087, 517, 254, 144, 77, 32, 16, 6, 3, 2, 1, 1, 0, 0, 0, 0
0.020500000000000015, 34213, 33536, 16698, 8279, 4200, 2139, 1129, 531, 262, 152, 82, 31, 18, 6, 5, 3, 1, 1, 0, 0, 0, 0
0.021000000000000015, 34589, 33160, 16338, 8156, 4213, 2156, 1158, 546, 274, 162, 92, 32, 18, 6, 5, 3, 1, 1, 0, 0, 0, 0
0.021500000000000016, 34995, 32754, 15933, 8063, 4201, 2186, 1175, 564, 291, 172, 100, 34, 19, 7, 5, 3, 1, 1, 0, 0, 0, 0
0.022000000000000016, 35348, 32401, 15603, 7960, 4208, 2189, 1190, 585, 303, 176, 103, 43, 23, 8, 6, 3, 1, 1, 0, 0, 0, 0
0.022500000000000017, 35739, 32010, 15259, 7822, 4189, 2212, 1227, 601, 310, 188, 106, 46, 30, 9, 7, 3, 1, 1, 0, 0, 0, 0
0.023000000000000017, 36068, 31681, 14926, 7747, 4186, 2240, 1247, 602, 323, 192, 118, 49, 29, 11, 7, 3, 1, 1, 0, 0, 0, 0
0.023500000000000017, 36416, 31333, 14610, 7653, 4154, 2260, 1263, 615, 354, 194, 122, 48, 35, 13, 8, 3, 1, 1, 0, 0, 0, 0
0.024000000000000018, 36776, 30973, 14265, 7557, 4153, 2269, 1287, 628, 372, 201, 121, 56, 36, 14, 8, 3, 3, 1, 0, 0, 0, 0
0.02450000000000002, 37113, 30636, 13976, 7435, 4141, 2295, 1296, 637, 391, 207, 125, 64, 36, 16, 9, 3, 5, 0, 0, 1, 0, 0
0.02500000000000002, 37452, 30297, 13688, 7311, 4117, 2308, 1337, 651, 395, 219, 127, 69, 39, 16, 11, 3, 5, 1, 0, 1, 0, 0
0.02550000000000002, 37780, 29969, 13381, 7233, 4086, 2323, 1355, 677, 409, 224, 126, 73, 44, 17, 11, 4, 5, 1, 0, 1, 0, 0
0.02600000000000002, 38099, 29650, 13094, 7129, 4083, 2329, 1375, 697, 418, 232, 129, 78, 43, 19, 13, 4, 5, 1, 1, 1, 0, 0
0.02650000000000002, 38375, 29374, 12840, 7047, 4096, 2324, 1377, 716, 426, 238, 139, 82, 42, 21, 14, 5, 4, 2, 1, 1, 0, 0
0.02700000000000002, 38689, 29060, 12552, 6963, 4068, 2340, 1402, 729, 442, 248, 141, 78, 44, 23, 16, 6, 4, 2, 2, 1, 0, 0
0.02750000000000002, 38979, 28770, 12322, 6853, 4035, 2348, 1427, 757, 439, 257, 149, 81, 44, 24, 17, 6, 6, 3, 2, 1, 0, 0
0.02800000000000002, 39255, 28494, 12078, 6778, 4018, 2341, 1445, 768, 453, 266, 161, 83, 43, 24, 18, 6, 7, 2, 2, 2, 0, 0
0.028500000000000022, 39511, 28238, 11858, 6685, 4020, 2352, 1446, 779, 465, 270, 166, 89, 44, 27, 18, 6, 8, 2, 1, 2, 1, 0
0.029000000000000022, 39790, 27959, 11636, 6587, 3992, 2355, 1461, 793, 478, 278, 171, 91, 49, 27, 21, 6, 8, 2, 2, 2, 1, 0
0.029500000000000023, 40034, 27715, 11438, 6515, 3957, 2360, 1478, 800, 488, 282, 178, 92, 50, 32, 23, 8, 8, 2, 2, 2, 1, 0
0.030000000000000023, 40273, 27476, 11224, 6459, 3967, 2355, 1469, 796, 489, 292, 188, 101, 54, 34, 23, 10, 7, 2, 2, 3, 2, 0
0.030500000000000024, 40520, 27229, 11026, 6382, 3943, 2355, 1468, 809, 507, 299, 195, 101, 57, 36, 23, 12, 7, 2, 2, 3, 2, 0
0.031000000000000024, 40786, 26963, 10813, 6289, 3930, 2355, 1470, 824, 515, 303, 210, 102, 60, 35, 26, 14, 7, 2, 3, 3, 2, 0
0.03150000000000002, 41046, 26703, 10610, 6209, 3896, 2358, 1464, 846, 521, 314, 216, 106, 66, 40, 26, 13, 8, 2, 3, 3, 2, 0
0.03200000000000002, 41310, 26439, 10409, 6135, 3851, 2359, 1459, 860, 537, 319, 220, 114, 75, 42, 26, 14, 8, 3, 3, 3, 2, 0
0.03250000000000002, 41535, 26214, 10232, 6066, 3826, 2348, 1473, 869, 553, 321, 226, 119, 75, 43, 25, 16, 9, 3, 4, 3, 3, 0
0.03300000000000002, 41761, 25988, 10040, 6008, 3801, 2353, 1479, 878, 556, 327, 231, 126, 79, 44, 27, 16, 10, 4, 4, 2, 3, 0
0.03350000000000002, 41983, 25766, 9870, 5930, 3786, 2340, 1486, 889, 570, 331, 239, 127, 82, 45, 32, 16, 10, 4, 4, 2, 3, 0
0.03400000000000002, 42190, 25559, 9722, 5857, 3760, 2335, 1488, 901, 569, 338, 249, 133, 84, 45, 37, 18, 11, 4, 4, 2, 2, 0
0.034500000000000024, 42386, 25363, 9568, 5806, 3745, 2322, 1483, 911, 578, 344, 254, 130, 86, 47, 44, 19, 10, 5, 4, 2, 3, 0
0.035000000000000024, 42621, 25128, 9395, 5718, 3728, 2303, 1498, 921, 589, 349, 264, 137, 86, 47, 43, 21, 10, 7, 5, 2, 3, 0
0.035500000000000025, 42830, 24919, 9249, 5658, 3680, 2294, 1501, 934, 603, 348, 273, 142, 92, 49, 45, 22, 9, 7, 6, 2, 3, 0
0.036000000000000025, 43018, 24731, 9102, 5604, 3651, 2304, 1490, 943, 616, 356, 274, 147, 93, 52, 47, 22, 10, 6, 7, 2, 3, 0
0.036500000000000025, 43214, 24535, 8943, 5546, 3635, 2302, 1485, 955, 628, 362, 280, 148, 97, 54, 47, 20, 12, 6, 7, 3, 3, 0
0.037000000000000026, 43418, 24331, 8816, 5468, 3593, 2294, 1491, 970, 628, 371, 282, 154, 100, 57, 51, 21, 13, 6, 7, 3, 3, 0
0.037500000000000026, 43594, 24155, 8675, 5429, 3568, 2293, 1487, 976, 635, 378, 285, 158, 98, 58, 55, 22, 13, 7, 7, 3, 5, 0
0.03800000000000003, 43792, 23957, 8513, 5376, 3560, 2282, 1494, 984, 632, 383, 291, 157, 100, 61, 59, 26, 12, 8, 7, 4, 4, 0
0.03850000000000003, 43979, 23770, 8379, 5308, 3543, 2270, 1497, 985, 645, 393, 300, 161, 98, 64, 60, 28, 12, 8, 7, 3, 5, 0
0.03900000000000003, 44174, 23575, 8249, 5259, 3493, 2251, 1499, 1000, 651, 407, 302, 167, 99, 63, 61, 30, 14, 10, 7, 4, 5, 0
0.03950000000000003, 44355, 23394, 8123, 5206, 3455, 2248, 1516, 999, 649, 408, 309, 171, 98, 69, 65, 30, 17, 11, 6, 4, 5, 0
0.04000000000000003, 44539, 23210, 7993, 5135, 3443, 2239, 1520, 994, 665, 411, 314, 175, 103, 72, 66, 31, 17, 12, 6, 5, 4, 0
0.04050000000000003, 44698, 23051, 7883, 5086, 3413, 2226, 1527, 1002, 673, 422, 317, 173, 104, 75, 65, 34, 17, 12, 6, 6, 4, 0
0.04100000000000003, 44839, 22910, 7795, 5033, 3387, 2210, 1528, 1022, 680, 427, 313, 175, 109, 78, 65, 36, 18, 11, 6, 6, 4, 1
0.04150000000000003, 45048, 22701, 7663, 4950, 3357, 2196, 1543, 1019, 685, 434, 320, 182, 114, 77, 65, 41, 20, 10, 7, 6, 5, 1
0.04200000000000003, 45219, 22530, 7552, 4874, 3338, 2202, 1539, 1021, 697, 440, 322, 180, 119, 79, 69, 40, 22, 9, 7, 7, 5, 1
0.04250000000000003, 45370, 22379, 7452, 4831, 3324, 2184, 1533, 1027, 699, 443, 322, 186, 120, 83, 73, 40, 23, 11, 8, 7, 5, 1
0.04300000000000003, 45525, 22224, 7342, 4777, 3328, 2168, 1527, 1026, 703, 445, 324, 191, 126, 88, 73, 42, 22, 11, 8, 9, 6, 1
0.04350000000000003, 45691, 22058, 7244, 4707, 3299, 2171, 1513, 1042, 705, 453, 328, 193, 127, 87, 79, 41, 22, 12, 10, 9, 7, 1
0.04400000000000003, 45886, 21863, 7119, 4635, 3271, 2155, 1519, 1050, 707, 456, 343, 193, 130, 89, 79, 43, 23, 15, 10, 10, 7, 1
0.04450000000000003, 46044, 21705, 7008, 4596, 3240, 2141, 1520, 1047, 720, 462, 355, 198, 128, 93, 77, 42, 25, 15, 12, 9, 8, 1
0.04500000000000003, 46199, 21550, 6898, 4555, 3221, 2122, 1511, 1054, 727, 475, 359, 204, 131, 93, 78, 44, 25, 15, 11, 9, 8, 1
0.045500000000000033, 46353, 21396, 6813, 4502, 3188, 2105, 1510, 1055, 731, 484, 365, 207, 134, 95, 79, 45, 25, 16, 12, 11, 8, 2
0.046000000000000034, 46497, 21252, 6733, 4447, 3157, 2099, 1515, 1059, 725, 484, 366, 216, 137, 99, 83, 46, 25, 16, 13, 12, 9, 2
0.046500000000000034, 46650, 21099, 6633, 4398, 3135, 2090, 1511, 1055, 742, 481, 369, 218, 145, 104, 83, 47, 26, 17, 13, 13, 8, 1
0.047000000000000035, 46760, 20989, 6560, 4349, 3129, 2080, 1525, 1059, 741, 485, 361, 221, 152, 103, 86, 47, 28, 17, 13, 14, 8, 1
0.047500000000000035, 46916, 20833, 6465, 4294, 3104, 2069, 1518, 1058, 751, 490, 371, 217, 162, 106, 87, 48, 30, 16, 13, 15, 8, 1
0.048000000000000036, 47043, 20706, 6384, 4254, 3082, 2074, 1513, 1047, 755, 498, 367, 222, 165, 107, 90, 52, 32, 15, 13, 16, 8, 2
0.048500000000000036, 47173, 20576, 6309, 4216, 3067, 2064, 1493, 1049, 755, 504, 370, 228, 167, 104, 89, 56, 35, 16, 13, 18, 9, 3
0.04900000000000004, 47307, 20442, 6232, 4162, 3038, 2076, 1487, 1050, 754, 504, 379, 227, 166, 107, 88, 59, 35, 20, 16, 19, 9, 3
0.04950000000000004, 47430, 20319, 6160, 4120, 3021, 2065, 1478, 1056, 757, 506, 384, 226, 166, 110, 90, 61, 38, 21, 16, 20, 9, 4
0.05000000000000004, 47560, 20189, 6084, 4073, 2989, 2058, 1489, 1060, 758, 510, 385, 227, 167, 114, 90, 62, 38, 19, 19, 20, 9, 4
0.05050000000000004, 47681, 20068, 6018, 4021, 2967, 2062, 1485, 1063, 752, 512, 387, 231, 172, 115, 93, 62, 38, 21, 21, 21, 9, 4
0.05100000000000004, 47798, 19951, 5949, 3998, 2931, 2041, 1491, 1071, 748, 516, 393, 232, 172, 119, 94, 62, 41, 22, 22, 21, 9, 4
0.05150000000000004, 47929, 19820, 5878, 3945, 2919, 2021, 1492, 1071, 752, 522, 392, 231, 176, 123, 97, 61, 41, 23, 22, 24, 10, 5
0.05200000000000004, 48037, 19712, 5809, 3913, 2908, 2004, 1488, 1072, 754, 527, 398, 233, 177, 124, 99, 63, 45, 23, 22, 22, 11, 5
0.05250000000000004, 48157, 19592, 5745, 3861, 2890, 1996, 1499, 1068, 758, 516, 395, 240, 184, 129, 99, 63, 47, 24, 23, 22, 12, 5
0.05300000000000004, 48277, 19472, 5672, 3808, 2871, 1994, 1499, 1074, 764, 523, 395, 241, 189, 128, 97, 64, 46, 26, 25, 23, 12, 5
0.05350000000000004, 48383, 19366, 5605, 3781, 2846, 1997, 1495, 1073, 766, 523, 396, 242, 189, 129, 96, 66, 48, 31, 24, 24, 13, 6
0.05400000000000004, 48487, 19262, 5548, 3746, 2837, 1995, 1479, 1070, 766, 525, 400, 243, 189, 131, 95, 68, 48, 33, 25, 24, 15, 7
0.05450000000000004, 48604, 19145, 5483, 3706, 2821, 1983, 1478, 1063, 765, 530, 407, 243, 189, 132, 98, 74, 47, 36, 25, 24, 14, 8
0.05500000000000004, 48707, 19042, 5421, 3674, 2806, 1979, 1472, 1062, 771, 528, 408, 244, 188, 135, 98, 79, 49, 36, 27, 22, 12, 8
0.05550000000000004, 48807, 18942, 5369, 3658, 2779, 1970, 1457, 1061, 772, 519, 413, 246, 189, 137, 109, 79, 54, 38, 27, 22, 13, 8
0.05600000000000004, 48900, 18849, 5317, 3641, 2761, 1950, 1459, 1059, 770, 524, 415, 242, 191, 141, 111, 80, 53, 38, 26, 23, 13, 8
0.05650000000000004, 49003, 18746, 5266, 3613, 2746, 1937, 1451, 1050, 769, 525, 415, 246, 195, 142, 110, 83, 56, 41, 26, 23, 14, 10
0.057000000000000044, 49110, 18639, 5198, 3578, 2727, 1937, 1452, 1056, 770, 527, 414, 247, 192, 139, 107, 85, 60, 43, 27, 24, 16, 11
0.057500000000000044, 49230, 18519, 5135, 3542, 2694, 1938, 1449, 1053, 771, 526, 416, 250, 189, 142, 111, 85, 64, 42, 27, 27, 15, 10
0.058000000000000045, 49335, 18414, 5071, 3510, 2680, 1926, 1450, 1045, 777, 528, 419, 252, 192, 144, 113, 88, 63, 42, 26, 28, 15, 10
0.058500000000000045, 49432, 18317, 5034, 3475, 2665, 1901, 1447, 1035, 781, 533, 419, 256, 194, 143, 117, 93, 65, 45, 25, 28, 14, 10
0.059000000000000045, 49511, 18238, 4988, 3449, 2654, 1888, 1451, 1038, 780, 537, 415, 259, 195, 148, 116, 94, 65, 44, 26, 28, 14, 10
0.059500000000000046, 49615, 18134, 4940, 3426, 2633, 1875, 1430, 1039, 776, 538, 415, 266, 198, 149, 118, 98, 68, 45, 27, 27, 14, 11
0.060000000000000046, 49702, 18047, 4903, 3408, 2610, 1866, 1424, 1037, 773, 537, 418, 265, 195, 146, 118, 100, 69, 49, 29, 27, 15, 12
0.06050000000000005, 49787, 17962, 4861, 3382, 2589, 1870, 1412, 1035, 767, 540, 420, 271, 196, 145, 121, 103, 69, 48, 31, 26, 16, 12
0.06100000000000005, 49874, 17875, 4803, 3357, 2574, 1863, 1412, 1032, 775, 544, 422, 271, 201, 142, 125, 103, 67, 49, 32, 27, 16, 12
0.06150000000000005, 49952, 17797, 4765, 3320, 2562, 1854, 1412, 1029, 782, 547, 429, 272, 201, 142, 124, 104, 65, 51, 34, 28, 15, 13
0.06200000000000005, 50057, 17692, 4721, 3278, 2545, 1842, 1399, 1036, 784, 542, 438, 267, 206, 142, 124, 104, 64, 54, 34, 32, 16, 13
0.06250000000000004, 50157, 17592, 4669, 3239, 2528, 1837, 1397, 1032, 786, 544, 439, 270, 209, 143, 122, 107, 67, 54, 34, 34, 17, 12
0.06300000000000004, 50241, 17508, 4621, 3214, 2514, 1837, 1391, 1032, 780, 538, 439, 280, 209, 144, 127, 107, 68, 54, 38, 34, 17, 12
0.06350000000000004, 50319, 17430, 4586, 3183, 2493, 1833, 1380, 1036, 792, 539, 440, 282, 209, 142, 129, 109, 67, 55, 37, 34, 17, 14
0.06400000000000004, 50399, 17350, 4544, 3162, 2475, 1827, 1372, 1031, 791, 545, 443, 288, 207, 145, 129, 110, 66, 57, 39, 34, 19, 14
0.06450000000000004, 50485, 17264, 4503, 3135, 2443, 1826, 1373, 1025, 794, 554, 439, 291, 210, 150, 125, 114, 64, 58, 37, 36, 19, 16
0.06500000000000004, 50561, 17188, 4476, 3100, 2427, 1812, 1372, 1018, 798, 557, 448, 290, 211, 155, 125, 116, 62, 59, 37, 38, 19, 15
0.06550000000000004, 50636, 17113, 4434, 3074, 2413, 1800, 1381, 1017, 803, 560, 450, 288, 208, 156, 126, 116, 63, 60, 37, 37, 18, 16
0.06600000000000004, 50716, 17033, 4398, 3040, 2399, 1790, 1382, 1014, 799, 566, 456, 293, 206, 153, 128, 117, 64, 61, 37, 36, 20, 17
0.06650000000000005, 50803, 16946, 4355, 3015, 2386, 1786, 1377, 1008, 798, 561, 459, 293, 204, 156, 127, 118, 64, 62, 40, 39, 22, 16
0.06700000000000005, 50889, 16860, 4315, 2981, 2367, 1780, 1372, 1013, 790, 565, 462, 296, 205, 159, 128, 117, 67, 64, 41, 41, 21, 16
0.06750000000000005, 50947, 16802, 4282, 2970, 2356, 1762, 1371, 1009, 802, 565, 465, 298, 199, 161, 130, 123, 67, 60, 43, 41, 22, 15
0.06800000000000005, 51005, 16744, 4252, 2950, 2358, 1756, 1368, 1008, 796, 558, 459, 299, 204, 163, 132, 124, 71, 62, 44, 42, 22, 14
0.06850000000000005, 51082, 16667, 4214, 2925, 2340, 1751, 1364, 1010, 795, 563, 456, 300, 207, 167, 132, 118, 73, 63, 46, 43, 22, 13
0.06900000000000005, 51160, 16589, 4187, 2908, 2316, 1733, 1357, 1003, 797, 568, 450, 305, 210, 165, 141, 122, 74, 61, 47, 44, 20, 13
0.06950000000000005, 51233, 16516, 4149, 2873, 2309, 1742, 1354, 995, 800, 564, 446, 305, 217, 163, 142, 123, 77, 64, 45, 44, 21, 13
0.07000000000000005, 51312, 16437, 4115, 2846, 2294, 1727, 1356, 993, 801, 556, 458, 303, 221, 162, 143, 126, 76, 62, 46, 43, 21, 14
0.07050000000000005, 51393, 16356, 4085, 2811, 2279, 1719, 1357, 994, 800, 553, 454, 303, 221, 165, 146, 127, 79, 61, 45, 43, 22, 14
0.07100000000000005, 51462, 16287, 4048, 2800, 2264, 1710, 1355, 990, 801, 552, 452, 308, 219, 167, 140, 129, 80, 62, 48, 44, 22, 14
0.07150000000000005, 51542, 16207, 4011, 2778, 2247, 1704, 1343, 988, 798, 561, 453, 304, 221, 168, 140, 127, 82, 66, 49, 48, 22, 15
0.07200000000000005, 51608, 16141, 3977, 2762, 2226, 1699, 1338, 987, 801, 564, 454, 303, 225, 167, 143, 129, 82, 67, 49, 46, 25, 15
0.07250000000000005, 51675, 16074, 3946, 2751, 2212, 1692, 1330, 976, 803, 563, 451, 307, 227, 171, 144, 128, 84, 69, 48, 47, 26, 15
0.07300000000000005, 51729, 16020, 3919, 2732, 2210, 1688, 1321, 971, 806, 563, 453, 308, 222, 175, 144, 128, 85, 73, 49, 47, 26, 15
0.07350000000000005, 51802, 15947, 3879, 2706, 2196, 1688, 1320, 967, 806, 561, 455, 309, 227, 174, 150, 126, 83, 76, 48, 49, 26, 15
0.07400000000000005, 51868, 15881, 3850, 2691, 2192, 1674, 1316, 963, 806, 554, 451, 305, 228, 182, 153, 125, 84, 77, 48, 47, 29, 17
0.07450000000000005, 51926, 15823, 3824, 2677, 2168, 1666, 1309, 966, 809, 552, 456, 314, 225, 185, 152, 127, 87, 77, 48, 47, 29, 17
0.07500000000000005, 51981, 15768, 3797, 2658, 2154, 1663, 1312, 965, 809, 554, 452, 312, 220, 191, 152, 132, 89, 75, 52, 46, 29, 19
0.07550000000000005, 52041, 15708, 3772, 2640, 2153, 1651, 1302, 960, 807, 552, 450, 310, 225, 198, 155, 133, 90, 76, 53, 46, 29, 20
0.07600000000000005, 52120, 15629, 3733, 2620, 2136, 1647, 1287, 958, 805, 552, 452, 314, 230, 201, 156, 136, 90, 76, 56, 44, 30, 20
0.07650000000000005, 52197, 15552, 3699, 2586, 2128, 1638, 1291, 951, 800, 556, 449, 319, 233, 203, 158, 133, 92, 75, 55, 44, 34, 21
0.07700000000000005, 52255, 15494, 3667, 2576, 2114, 1630, 1290, 950, 797, 557, 456, 317, 230, 202, 160, 135, 93, 75, 55, 45, 35, 22
0.07750000000000005, 52326, 15423, 3641, 2554, 2091, 1630, 1288, 934, 803, 566, 450, 319, 232, 201, 161, 133, 93, 75, 57, 45, 36, 22
0.07800000000000006, 52390, 15359, 3614, 2531, 2085, 1619, 1280, 935, 793, 575, 447, 322, 236, 202, 162, 133, 96, 74, 57, 46, 37, 21
0.07850000000000006, 52457, 15292, 3576, 2523, 2075, 1621, 1272, 922, 795, 564, 445, 327, 241, 203, 162, 133, 97, 74, 58, 46, 37, 21
0.07900000000000006, 52530, 15219, 3538, 2497, 2070, 1616, 1270, 914, 797, 568, 442, 328, 244, 204, 165, 129, 93, 72, 61, 49, 38, 19
0.07950000000000006, 52596, 15153, 3513, 2475, 2061, 1608, 1266, 913, 792, 561, 444, 324, 249, 203, 167, 130, 96, 73, 61, 53, 37, 20
0.08000000000000006, 52663, 15086, 3482, 2447, 2052, 1608, 1261, 913, 792, 557, 439, 325, 254, 206, 168, 128, 95, 76, 59, 56, 40, 22
0.08050000000000006, 52720, 15029, 3446, 2433, 2044, 1598, 1258, 919, 788, 563, 436, 328, 252, 208, 172, 128, 98, 73, 61, 53, 41, 24
0.08100000000000006, 52767, 14982, 3429, 2413, 2039, 1596, 1260, 922, 778, 560, 436, 325, 251, 203, 176, 128, 97, 72, 65, 54, 44, 26
0.08150000000000006, 52806, 14943, 3408, 2409, 2022, 1591, 1255, 923, 777, 566, 436, 326, 255, 202, 175, 126, 100, 76, 65, 54, 46, 25
0.08200000000000006, 52857, 14892, 3378, 2407, 2005, 1586, 1256, 923, 776, 566, 432, 323, 254, 201, 178, 127, 99, 79, 68, 53, 46, 26
0.08250000000000006, 52911, 14838, 3354, 2396, 1995, 1579, 1253, 918, 778, 569, 432, 321, 251, 199, 176, 125, 99, 80, 69, 55, 49, 29
0.08300000000000006, 52948, 14801, 3333, 2392, 1992, 1574, 1249, 913, 772, 572, 429, 328, 251, 199, 175, 128, 95, 81, 72, 56, 49, 27
0.08350000000000006, 53014, 14735, 3304, 2379, 1974, 1568, 1236, 907, 776, 578, 424, 326, 253, 203, 173, 130, 101, 83, 73, 59, 49, 27
0.08400000000000006, 53075, 14674, 3297, 2356, 1962, 1542, 1231, 907, 777, 578, 428, 326, 251, 206, 173, 130, 104, 81, 70, 56, 53, 30
0.08450000000000006, 53111, 14638, 3291, 2347, 1955, 1535, 1219, 900, 779, 575, 430, 337, 250, 199, 171, 131, 105, 85, 73, 55, 53, 30
0.08500000000000006, 53179, 14570, 3267, 2320, 1940, 1521, 1216, 895, 777, 583, 439, 342, 249, 198, 167, 130, 109, 87, 74, 53, 53, 30
0.08550000000000006, 53212, 14537, 3252, 2308, 1939, 1520, 1208, 896, 767, 586, 438, 346, 247, 202, 171, 133, 109, 87, 74, 52, 51, 30
0.08600000000000006, 53266, 14483, 3224, 2301, 1927, 1517, 1206, 884, 767, 587, 437, 341, 252, 205, 174, 134, 109, 89, 73, 52, 52, 30
0.08650000000000006, 53331, 14418, 3196, 2281, 1911, 1521, 1201, 884, 760, 589, 435, 340, 252, 206, 171, 131, 113, 87, 77, 54, 53, 30
0.08700000000000006, 53372, 14377, 3174, 2264, 1903, 1516, 1202, 886, 762, 587, 437, 343, 253, 204, 171, 136, 114, 86, 77, 53, 53, 31
0.08750000000000006, 53411, 14338, 3152, 2263, 1890, 1510, 1200, 889, 757, 589, 435, 341, 256, 200, 175, 138, 112, 89, 76, 54, 55, 33
0.08800000000000006, 53450, 14299, 3125, 2256, 1891, 1503, 1204, 890, 754, 589, 432, 342, 253, 198, 173, 138, 113, 90, 78, 55, 53, 33
0.08850000000000006, 53519, 14230, 3097, 2241, 1868, 1484, 1202, 889, 754, 598, 435, 340, 252, 203, 173, 140, 114, 89, 77, 54, 54, 35
0.08900000000000007, 53573, 14176, 3073, 2231, 1854, 1469, 1198, 899, 747, 596, 440, 339, 256, 203, 171, 142, 113, 94, 74, 54, 54, 36
0.08950000000000007, 53610, 14139, 3052, 2224, 1849, 1468, 1197, 898, 742, 594, 444, 336, 254, 207, 166, 143, 114, 93, 76, 56, 54, 37
0.09000000000000007, 53647, 14102, 3039, 2215, 1835, 1466, 1196, 902, 736, 590, 443, 338, 259, 203, 168, 141, 115, 95, 76, 56, 54, 37
0.09050000000000007, 53704, 14045, 3022, 2195, 1826, 1458, 1190, 895, 734, 593, 444, 334, 259, 203, 169, 144, 117, 94, 76, 59, 55, 37
0.09100000000000007, 53738, 14011, 3008, 2192, 1817, 1447, 1184, 898, 730, 590, 449, 337, 259, 204, 169, 146, 117, 94, 77, 59, 55, 37
0.09150000000000007, 53787, 13962, 2992, 2184, 1805, 1437, 1179, 890, 728, 592, 447, 339, 256, 210, 168, 148, 114, 97, 78, 60, 54, 39
0.09200000000000007, 53840, 13909, 2964, 2166, 1794, 1436, 1183, 881, 734, 588, 446, 338, 260, 215, 167, 146, 115, 99, 78, 60, 54, 40
0.09250000000000007, 53869, 13880, 2956, 2154, 1795, 1427, 1181, 877, 729, 583, 451, 341, 256, 222, 168, 147, 117, 99, 77, 60, 55, 41
0.09300000000000007, 53904, 13845, 2941, 2146, 1781, 1428, 1179, 877, 728, 584, 447, 338, 256, 225, 172, 147, 119, 99, 76, 61, 56, 40
0.09350000000000007, 53941, 13808, 2919, 2137, 1773, 1425, 1169, 880, 727, 595, 448, 339, 258, 224, 174, 146, 116, 97, 77, 63, 56, 40
0.09400000000000007, 53979, 13770, 2898, 2129, 1774, 1425, 1157, 875, 724, 595, 451, 335, 262, 228, 174, 146, 115, 99, 77, 62, 55, 40
0.09450000000000007, 54022, 13727, 2879, 2116, 1769, 1425, 1152, 871, 720, 591, 450, 335, 265, 230, 176, 145, 118, 99, 78, 62, 54, 40
0.09500000000000007, 54074, 13675, 2859, 2095, 1758, 1425, 1150, 871, 711, 598, 444, 334, 266, 233, 179, 148, 117, 100, 78, 63, 51, 41
0.09550000000000007, 54120, 13629, 2845, 2083, 1744, 1418, 1145, 870, 707, 592, 451, 334, 269, 231, 177, 156, 116, 102, 79, 63, 53, 40
0.09600000000000007, 54177, 13572, 2828, 2063, 1727, 1403, 1146, 864, 713, 592, 451, 339, 270, 229, 179, 154, 118, 101, 80, 64, 52, 40
0.09650000000000007, 54211, 13538, 2809, 2058, 1719, 1396, 1143, 860, 713, 590, 456, 342, 270, 232, 179, 158, 120, 101, 80, 63, 53, 40
0.09700000000000007, 54256, 13493, 2783, 2048, 1705, 1399, 1138, 867, 717, 585, 450, 340, 276, 231, 182, 157, 120, 99, 76, 68, 55, 38
0.09750000000000007, 54284, 13465, 2773, 2038, 1695, 1399, 1131, 872, 720, 581, 450, 340, 278, 233, 186, 155, 119, 99, 75, 69, 52, 38
0.09800000000000007, 54312, 13437, 2764, 2028, 1696, 1392, 1133, 864, 716, 579, 455, 342, 278, 233, 184, 153, 118, 99, 76, 70, 54, 39
0.09850000000000007, 54352, 13397, 2748, 2020, 1681, 1391, 1126, 871, 715, 576, 454, 341, 279, 234, 185, 152, 118, 98, 76, 70, 58, 38
0.09900000000000007, 54379, 13370, 2746, 2004, 1680, 1399, 1123, 854, 709, 576, 456, 343, 280, 234, 181, 155, 117, 99, 75, 70, 61, 40
0.09950000000000007, 54414, 13335, 2733, 1990, 1671, 1397, 1128, 851, 712, 571, 453, 344, 283, 234, 177, 153, 120, 100, 75, 71, 62, 38
0.10000000000000007, 54449, 13300, 2715, 1983, 1657, 1393, 1132, 852, 707, 574, 453, 343, 289, 232, 179, 153, 120, 99, 71, 72, 61, 41
0.10050000000000008, 54494, 13255, 2707, 1968, 1643, 1385, 1126, 850, 710, 571, 453, 344, 290, 230, 182, 156, 118, 101, 68, 71, 62, 42
0.10100000000000008, 54530, 13219, 2691, 1966, 1628, 1372, 1130, 850, 713, 570, 458, 342, 290, 226, 183, 153, 122, 102, 69, 70, 60, 43
0.10150000000000008, 54561, 13188, 2675, 1967, 1623, 1368, 1123, 842, 713, 564, 458, 346, 292, 229, 182, 154, 124, 102, 71, 71, 59, 44
0.10200000000000008, 54597, 13152, 2666, 1954, 1622, 1364, 1112, 842, 704, 563, 463, 345, 295, 229, 182, 153, 126, 106, 72, 70, 54, 44
0.10250000000000008, 54639, 13110, 2650, 1941, 1619, 1347, 1107, 847, 709, 557, 465, 349, 295, 227, 178, 152, 129, 109, 73, 70, 55, 45
0.10300000000000008, 54674, 13075, 2642, 1933, 1611, 1340, 1101, 839, 711, 551, 466, 351, 296, 229, 177, 153, 131, 109, 75, 71, 57, 46
0.10350000000000008, 54712, 13037, 2626, 1923, 1603, 1337, 1099, 836, 711, 548, 464, 357, 293, 227, 180, 154, 128, 112, 77, 71, 55, 47
0.10400000000000008, 54753, 12996, 2604, 1915, 1593, 1339, 1093, 838, 706, 550, 462, 358, 289, 229, 184, 158, 126, 110, 77, 70, 56, 47
0.10450000000000008, 54780, 12969, 2600, 1906, 1589, 1327, 1090, 839, 700, 552, 465, 359, 291, 233, 185, 155, 122, 108, 79, 70, 55, 48
0.10500000000000008, 54793, 12956, 2599, 1900, 1584, 1326, 1094, 842, 694, 549, 468, 360, 291, 233, 183, 155, 119, 107, 77, 70, 57, 49
0.10550000000000008, 54821, 12928, 2589, 1897, 1581, 1313, 1094, 841, 692, 548, 463, 360, 293, 236, 185, 155, 118, 106, 77, 69, 63, 48
0.10600000000000008, 54839, 12910, 2585, 1889, 1574, 1314, 1088, 844, 695, 544, 463, 362, 295, 238, 186, 152, 116, 105, 78, 69, 63, 49
0.10650000000000008, 54868, 12881, 2577, 1889, 1564, 1309, 1081, 841, 692, 543, 460, 368, 295, 238, 186, 156, 118, 104, 79, 64, 62, 51
0.10700000000000008, 54902, 12847, 2564, 1884, 1558, 1302, 1082, 841, 690, 544, 456, 363, 292, 235, 186, 160, 118, 103, 81, 65, 61, 51
0.10750000000000008, 54936, 12813, 2552, 1878, 1549, 1302, 1072, 840, 687, 540, 458, 366, 294, 236, 184, 163, 116, 103, 80, 66, 62, 51
0.10800000000000008, 54978, 12771, 2535, 1870, 1538, 1294, 1068, 835, 690, 536, 462, 364, 297, 241, 183, 162, 116, 105, 79, 68, 64, 51
0.10850000000000008, 55018, 12731, 2533, 1861, 1532, 1280, 1069, 831, 681, 532, 459, 364, 298, 238, 182, 163, 116, 104, 81, 70, 66, 52
0.10900000000000008, 55044, 12705, 2527, 1854, 1520, 1271, 1073, 831, 678, 538, 459, 359, 302, 239, 182, 164, 114, 103, 85, 69, 68, 52
0.10950000000000008, 55066, 12683, 2515, 1850, 1517, 1277, 1071, 832, 672, 540, 451, 355, 304, 238, 183, 161, 117, 106, 84, 71, 68, 53
0.11000000000000008, 55111, 12638, 2500, 1848, 1506, 1260, 1070, 830, 667, 535, 441, 362, 308, 239, 185, 161, 118, 106, 88, 75, 68, 53
0.11050000000000008, 55139, 12610, 2488, 1841, 1501, 1256, 1072, 828, 666, 534, 442, 362, 304, 238, 187, 163, 118, 107, 87, 76, 69, 54
0.11100000000000008, 55165, 12584, 2478, 1840, 1494, 1249, 1064, 833, 671, 529, 442, 363, 301, 240, 186, 163, 117, 106, 86, 81, 68, 53
0.11150000000000009, 55199, 12550, 2468, 1833, 1485, 1250, 1059, 828, 667, 532, 439, 362, 299, 235, 187, 164, 120, 108, 86, 81, 68, 55
0.11200000000000009, 55228, 12521, 2465, 1825, 1478, 1247, 1045, 831, 669, 526, 437, 361, 303, 237, 185, 163, 123, 110, 85, 82, 68, 55
0.11250000000000009, 55263, 12486, 2436, 1824, 1473, 1254, 1041, 824, 671, 523, 438, 361, 305, 239, 182, 162, 120, 114, 84, 83, 69, 58
0.11300000000000009, 55314, 12435, 2416, 1811, 1462, 1256, 1033, 825, 664, 520, 436, 365, 301, 242, 184, 163, 118, 113, 85, 83, 69, 59
0.11350000000000009, 55351, 12398, 2397, 1802, 1455, 1256, 1029, 826, 663, 517, 434, 366, 300, 246, 183, 163, 120, 113, 85, 80, 70, 61
0.11400000000000009, 55374, 12375, 2388, 1794, 1454, 1254, 1030, 823, 664, 521, 433, 363, 297, 244, 179, 161, 120, 118, 85, 80, 71, 60
0.11450000000000009, 55394, 12355, 2371, 1790, 1463, 1250, 1025, 827, 665, 517, 427, 364, 294, 245, 179, 164, 119, 120, 88, 81, 70, 60
0.11500000000000009, 55420, 12329, 2350, 1784, 1465, 1242, 1028, 828, 664, 522, 432, 363, 296, 239, 176, 165, 119, 123, 88, 80, 69, 58
0.11550000000000009, 55452, 12297, 2330, 1782, 1455, 1247, 1025, 831, 661, 518, 428, 360, 295, 241, 177, 166, 121, 123, 92, 82, 68, 58
0.11600000000000009, 55478, 12271, 2322, 1772, 1451, 1238, 1027, 830, 661, 511, 431, 367, 293, 241, 176, 167, 123, 127, 91, 82, 68, 56
0.11650000000000009, 55516, 12233, 2302, 1769, 1442, 1227, 1023, 836, 658, 511, 438, 369, 290, 240, 172, 168, 122, 131, 92, 81, 65, 58
0.11700000000000009, 55544, 12205, 2297, 1753, 1440, 1227, 1025, 830, 657, 510, 429, 374, 294, 239, 172, 164, 125, 135, 90, 75, 65, 58
0.11750000000000009, 55571, 12178, 2284, 1751, 1430, 1227, 1018, 824, 657, 511, 430, 377, 297, 238, 174, 162, 127, 136, 90, 75, 66, 59
0.11800000000000009, 55601, 12148, 2279, 1745, 1427, 1221, 1001, 827, 652, 510, 434, 374, 296, 237, 178, 167, 128, 136, 88, 76, 67, 59
0.11850000000000009, 55610, 12139, 2275, 1745, 1428, 1221, 993, 831, 657, 507, 432, 370, 295, 234, 175, 169, 133, 134, 88, 78, 68, 58
0.11900000000000009, 55620, 12129, 2273, 1733, 1437, 1214, 991, 833, 654, 506, 435, 369, 299, 236, 176, 167, 134, 134, 86, 77, 69, 58
0.11950000000000009, 55640, 12109, 2256, 1735, 1442, 1213, 985, 837, 649, 499, 435, 367, 297, 233, 181, 168, 139, 136, 82, 78, 70, 56
0.12000000000000009, 55659, 12090, 2253, 1727, 1436, 1214, 983, 833, 649, 497, 436, 365, 300, 236, 180, 169, 139, 135, 80, 79, 72, 53
0.1205000000000001, 55688, 12061, 2243, 1718, 1432, 1221, 971, 823, 650, 501, 433, 366, 300, 236, 181, 168, 138, 134, 83, 79, 75, 52
0.1210000000000001, 55703, 12046, 2246, 1710, 1427, 1222, 966, 825, 639, 506, 431, 368, 301, 235, 184, 167, 141, 131, 83, 77, 78, 52
0.1215000000000001, 55718, 12031, 2242, 1709, 1421, 1213, 973, 823, 634, 502, 432, 368, 308, 238, 185, 168, 141, 127, 81, 76, 76, 53
0.1220000000000001, 55735, 12014, 2238, 1703, 1418, 1208, 968, 822, 637, 502, 436, 366, 310, 235, 187, 168, 139, 125, 83, 79, 76, 51
0.1225000000000001, 55768, 11981, 2222, 1695, 1411, 1211, 963, 814, 644, 503, 432, 366, 308, 235, 194, 167, 139, 126, 82, 79, 74, 52
0.1230000000000001, 55787, 11962, 2212, 1687, 1407, 1217, 957, 814, 645, 505, 426, 362, 309, 241, 195, 168, 138, 127, 83, 78, 75, 53
0.1235000000000001, 55801, 11948, 2204, 1681, 1406, 1216, 954, 811, 648, 509, 430, 360, 307, 240, 194, 167, 139, 131, 82, 79, 76, 55
0.1240000000000001, 55846, 11903, 2194, 1658, 1404, 1207, 954, 810, 642, 507, 426, 361, 312, 237, 195, 170, 138, 132, 83, 80, 76, 55
0.1245000000000001, 55872, 11877, 2175, 1653, 1399, 1204, 954, 809, 644, 501, 430, 359, 314, 238, 198, 173, 140, 130, 83, 80, 77, 54
0.12500000000000008, 55895, 11854, 2165, 1645, 1397, 1204, 950, 806, 645, 504, 430, 353, 314, 242, 193, 177, 140, 127, 84, 81, 80, 55
0.12550000000000008, 55931, 11818, 2147, 1641, 1395, 1201, 947, 798, 639, 504, 431, 354, 313, 243, 192, 179, 138, 131, 85, 82, 81, 55
0.12600000000000008, 55956, 11793, 2132, 1635, 1395, 1200, 946, 797, 637, 503, 428, 354, 316, 240, 194, 182, 135, 129, 84, 84, 81, 57
0.12650000000000008, 55973, 11776, 2119, 1638, 1394, 1193, 939, 799, 637, 505, 432, 361, 314, 236, 194, 180, 134, 131, 84, 83, 81, 58
0.12700000000000009, 55986, 11763, 2114, 1633, 1398, 1192, 938, 791, 639, 502, 433, 359, 317, 236, 195, 178, 134, 132, 84, 84, 80, 58
0.12750000000000009, 56003, 11746, 2107, 1628, 1399, 1195, 935, 786, 638, 499, 430, 358, 318, 234, 199, 180, 133, 131, 85, 84, 79, 58
0.12800000000000009, 56019, 11730, 2103, 1632, 1395, 1188, 930, 783, 640, 496, 430, 359, 318, 237, 201, 179, 132, 130, 83, 82, 80, 60
0.1285000000000001, 56061, 11688, 2090, 1626, 1384, 1182, 930, 778, 636, 494, 427, 363, 315, 239, 195, 183, 134, 129, 84, 84, 79, 59
0.1290000000000001, 56083, 11666, 2078, 1616, 1385, 1178, 917, 780, 646, 492, 432, 361, 312, 241, 197, 185, 137, 130, 81, 86, 77, 59
0.1295000000000001, 56106, 11643, 2070, 1615, 1384, 1164, 919, 777, 641, 494, 428, 369, 308, 241, 196, 187, 137, 129, 84, 88, 78, 58
0.1300000000000001, 56135, 11614, 2065, 1606, 1376, 1158, 920, 776, 639, 494, 427, 369, 303, 239, 198, 184, 140, 132, 85, 89, 78, 58
0.1305000000000001, 56163, 11586, 2050, 1594, 1374, 1149, 923, 777, 641, 495, 424, 368, 306, 240, 201, 186, 139, 132, 86, 88, 79, 58
0.1310000000000001, 56190, 11559, 2043, 1587, 1366, 1140, 919, 773, 645, 496, 426, 370, 308, 241, 202, 187, 140, 130, 86, 84, 79, 57
0.1315000000000001, 56222, 11527, 2034, 1575, 1365, 1131, 918, 774, 639, 498, 426, 369, 311, 241, 199, 185, 138, 129, 87, 84, 80, 58
0.1320000000000001, 56255, 11494, 2024, 1570, 1361, 1128, 906, 766, 639, 499, 426, 372, 310, 240, 201, 184, 141, 130, 87, 81, 81, 58
0.1325000000000001, 56295, 11454, 2013, 1559, 1357, 1121, 906, 761, 634, 492, 427, 376, 309, 241, 199, 183, 140, 129, 89, 82, 82, 61
0.1330000000000001, 56323, 11426, 1996, 1553, 1361, 1123, 905, 762, 627, 489, 428, 375, 309, 235, 195, 185, 138, 130, 90, 83, 79, 62
0.1335000000000001, 56338, 11411, 1998, 1553, 1355, 1118, 903, 757, 626, 488, 426, 375, 311, 233, 197, 180, 142, 132, 90, 79, 82, 64
0.1340000000000001, 56359, 11390, 1991, 1542, 1355, 1121, 904, 756, 628, 489, 422, 369, 313, 234, 194, 180, 136, 135, 90, 78, 82, 63
0.1345000000000001, 56378, 11371, 1978, 1539, 1356, 1110, 907, 756, 630, 492, 422, 371, 313, 237, 189, 178, 138, 133, 88, 81, 80, 64
0.1350000000000001, 56387, 11362, 1974, 1537, 1358, 1106, 905, 751, 634, 493, 423, 372, 304, 238, 193, 177, 141, 135, 89, 80, 81, 64
0.1355000000000001, 56402, 11347, 1971, 1538, 1353, 1103, 903, 747, 633, 492, 421, 370, 309, 236, 199, 178, 141, 133, 87, 77, 80, 65
0.1360000000000001, 56423, 11326, 1957, 1535, 1348, 1095, 909, 752, 635, 489, 422, 367, 311, 237, 196, 181, 142, 131, 86, 80, 79, 65
0.1365000000000001, 56436, 11313, 1951, 1532, 1350, 1088, 910, 756, 628, 491, 420, 365, 311, 236, 195, 187, 142, 131, 88, 82, 78, 64
0.1370000000000001, 56450, 11299, 1946, 1529, 1350, 1093, 908, 755, 624, 485, 415, 362, 315, 238, 199, 188, 141, 130, 87, 81, 80, 64
0.1375000000000001, 56470, 11279, 1933, 1530, 1344, 1094, 911, 747, 623, 486, 415, 363, 314, 239, 198, 186, 142, 130, 86, 82, 81, 64
0.1380000000000001, 56483, 11266, 1932, 1530, 1342, 1092, 908, 744, 620, 482, 415, 362, 317, 241, 200, 185, 143, 128, 85, 81, 83, 61
0.1385000000000001, 56487, 11262, 1935, 1529, 1341, 1098, 902, 740, 619, 482, 417, 360, 317, 239, 201, 185, 141, 128, 86, 81, 82, 65
0.1390000000000001, 56496, 11253, 1937, 1530, 1331, 1100, 905, 738, 614, 482, 420, 360, 313, 239, 200, 188, 140, 127, 87, 85, 80, 63
0.1395000000000001, 56530, 11219, 1927, 1522, 1321, 1095, 906, 735, 613, 478, 419, 362, 311, 245, 202, 184, 139, 125, 88, 84, 81, 62
0.1400000000000001, 56540, 11209, 1924, 1526, 1315, 1085, 907, 734, 614, 481, 418, 359, 315, 243, 204, 187, 136, 124, 89, 85, 80, 61
0.1405000000000001, 56569, 11180, 1914, 1518, 1308, 1087, 903, 729, 611, 488, 419, 358, 314, 242, 203, 187, 134, 121, 92, 84, 80, 63
0.1410000000000001, 56587, 11162, 1910, 1512, 1303, 1083, 905, 722, 611, 490, 418, 360, 320, 242, 203, 182, 136, 121, 89, 83, 81, 63
0.1415000000000001, 56605, 11144, 1905, 1512, 1299, 1080, 898, 718, 612, 488, 417, 364, 316, 244, 203, 185, 138, 122, 89, 84, 82, 62
0.1420000000000001, 56639, 11110, 1893, 1498, 1295, 1077, 889, 719, 614, 493, 414, 363, 315, 245, 207, 183, 140, 121, 90, 84, 81, 61
0.1425000000000001, 56657, 11092, 1882, 1494, 1284, 1077, 895, 715, 619, 494, 414, 363, 317, 239, 205, 187, 142, 125, 90, 81, 79, 62
0.1430000000000001, 56672, 11077, 1879, 1485, 1282, 1077, 891, 713, 618, 493, 416, 367, 319, 238, 199, 188, 147, 129, 93, 78, 75, 61
0.1435000000000001, 56687, 11062, 1874, 1478, 1277, 1076, 897, 712, 618, 492, 415, 367, 318, 235, 201, 185, 150, 130, 93, 76, 74, 63
0.1440000000000001, 56720, 11029, 1865, 1476, 1260, 1067, 897, 709, 616, 495, 414, 369, 320, 233, 203, 184, 151, 130, 95, 73, 75, 64
0.1445000000000001, 56754, 10995, 1850, 1472, 1259, 1066, 889, 705, 617, 489, 413, 365, 321, 232, 204, 186, 148, 131, 97, 72, 77, 61
0.1450000000000001, 56768, 10981, 1842, 1467, 1263, 1061, 889, 710, 614, 491, 407, 363, 319, 231, 207, 187, 147, 133, 98, 73, 75, 61
0.1455000000000001, 56778, 10971, 1836, 1467, 1260, 1061, 888, 711, 609, 491, 411, 366, 314, 229, 207, 191, 145, 130, 99, 75, 76, 62
0.1460000000000001, 56781, 10968, 1836, 1463, 1262, 1061, 890, 708, 617, 487, 413, 360, 314, 231, 205, 190, 143, 131, 99, 75, 76, 63
0.1465000000000001, 56797, 10952, 1832, 1459, 1259, 1057, 889, 709, 622, 489, 409, 355, 313, 235, 205, 185, 141, 132, 99, 74, 77, 66
0.1470000000000001, 56813, 10936, 1830, 1456, 1251, 1060, 885, 706, 622, 494, 406, 350, 311, 235, 204, 188, 141, 133, 98, 76, 75, 67
0.1475000000000001, 56833, 10916, 1824, 1447, 1246, 1068, 884, 710, 613, 491, 408, 348, 310, 231, 199, 188, 147, 133, 95, 80, 77, 64
0.1480000000000001, 56838, 10911, 1817, 1441, 1248, 1074, 883, 714, 611, 488, 410, 346, 311, 231, 199, 187, 149, 135, 93, 80, 76, 65
0.1485000000000001, 56858, 10891, 1811, 1447, 1241, 1067, 876, 719, 604, 489, 408, 346, 309, 230, 202, 187, 149, 135, 95, 78, 76, 66
0.1490000000000001, 56874, 10875, 1807, 1446, 1246, 1062, 874, 714, 604, 485, 409, 345, 307, 228, 200, 183, 148, 138, 96, 79, 76, 67
0.1495000000000001, 56893, 10856, 1801, 1447, 1237, 1064, 867, 718, 606, 481, 406, 346, 309, 225, 197, 182, 145, 139, 96, 83, 73, 64
0.1500000000000001, 56908, 10841, 1798, 1442, 1234, 1059, 863, 719, 608, 485, 410, 343, 309, 225, 202, 176, 141, 138, 96, 82, 73, 68
0.1505000000000001, 56933, 10816, 1786, 1432, 1240, 1053, 862, 715, 602, 490, 408, 343, 311, 223, 210, 175, 140, 135, 96, 83, 72, 69
0.1510000000000001, 56948, 10801, 1787, 1418, 1238, 1047, 866, 715, 602, 486, 410, 341, 313, 222, 212, 173, 140, 139, 99, 83, 71, 70
0.1515000000000001, 56949, 10800, 1781, 1423, 1239, 1050, 860, 714, 599, 484, 410, 343, 318, 223, 210, 173, 141, 141, 100, 83, 71, 70
0.1520000000000001, 56972, 10777, 1770, 1420, 1235, 1049, 854, 715, 598, 482, 415, 342, 317, 222, 209, 174, 140, 140, 101, 83, 69, 71
0.1525000000000001, 56978, 10771, 1770, 1413, 1234, 1047, 855, 716, 598, 478, 415, 347, 318, 221, 209, 177, 137, 140, 100, 83, 72, 70
